"Season","Team","Conference","TotalPPA","TotalPassingPPA","TotalReceivingPPA","TotalRushingPPA","PercentPPA","PercentPassingPPA","PercentReceivingPPA","PercentRushingPPA","Usage","PassingUsage","ReceivingUsage","RushingUsage"
"2021","Air Force","Mountain West","127.1","35","20.8","71.3","0.77","1","0.54","0.777","0.724","1","0.745","0.662"
"2021","Akron","Mid-American","27.7","-19.8","23.1","24.5","0.63","0.756","0.545","0.888","0.805","0.902","0.694","0.788"
"2021","Alabama","SEC","141","16.7","87.3","37","0.192","0.058","0.262","0.327","0.26","0.072","0.349","0.368"
"2021","App State","Sun Belt","274.6","12.1","163.8","98.7","0.654","0.127","0.942","0.655","0.584","0.03","0.953","0.734"
"2021","Arizona","Pac-12","40.2","-15.2","41.4","14","0.484","-2.98","0.704","0.749","0.478","0.427","0.648","0.371"
"2021","Arizona State","Pac-12","127.9","29.9","47.2","50.8","0.976","1","0.948","1","0.966","1","0.855","1"
"2021","Arkansas","SEC","157.6","-7.7","134.4","30.9","0.505","-0.081","0.77","0.737","0.423","0.019","0.749","0.511"
"2021","Arkansas State","Sun Belt","358.4","198.4","158.3","1.8","0.696","0.952","0.543","0.118","0.661","0.992","0.364","0.548"
"2021","Army","FBS Independents","161","13.6","31.6","115.9","0.861","1","0.921","0.835","0.858","1","0.894","0.838"
"2021","Auburn","SEC","169.5","71.6","27.7","70.1","0.605","0.994","0.21","0.918","0.714","0.997","0.277","0.81"
"2021","Ball State","Mid-American","234","95.9","111.2","27","0.799","1","0.753","0.547","0.838","1","0.741","0.767"
"2021","Baylor","Big 12","92.8","-3.2","103.7","-7.7","0.619","-0.093","0.927","-2.333","0.45","0.031","0.929","0.512"
"2021","Boise State","Mountain West","176.5","67.1","97.3","12.1","0.964","0.908","0.965","1.44","0.917","0.871","0.92","0.966"
"2021","Boston College","ACC","316.3","156.3","161","-1","0.876","1","0.79","-1.25","0.801","1","0.736","0.614"
"2021","Bowling Green","Mid-American","5.3","-19.7","-4.3","29.3","0.331","1","-0.426","1.145","0.582","1","0.208","0.489"
"2021","Buffalo","Mid-American","130.8","66.7","15.4","48.6","0.479","1","0.179","0.405","0.602","1","0.323","0.517"
"2021","BYU","FBS Independents","262.4","18.3","161.4","82.7","0.48","0.101","0.663","0.682","0.557","0.13","0.711","0.791"
"2021","California","Pac-12","54.7","7.2","30.4","17.2","0.977","1.029","0.884","1.147","0.904","0.993","0.782","0.915"
"2021","Central Michigan","Mid-American","120.4","24.7","57","38.8","0.772","0.855","0.71","0.824","0.768","0.618","0.724","0.921"
"2021","Charlotte","Conference USA","120.7","39","75.6","6.1","0.856","1","0.889","0.347","0.815","1","0.882","0.57"
"2021","Cincinnati","American Athletic","314.8","111","141","62.8","0.855","0.955","0.836","0.754","0.735","0.952","0.727","0.552"
"2021","Clemson","ACC","145","42.5","81.3","21.1","0.261","0.206","0.313","0.234","0.351","0.308","0.42","0.328"
"2021","Coastal Carolina","Sun Belt","409.3","166.5","171.5","71.3","0.842","0.964","0.807","0.707","0.72","0.87","0.761","0.607"
"2021","Colorado","Pac-12","102.3","5.6","77.6","19.2","0.758","0.189","0.987","0.716","0.547","0.06","0.821","0.739"
"2021","Colorado State","Mountain West","26.2","-3.5","38.8","-9.1","0.546","-0.285","0.872","1.071","0.69","0.32","0.913","0.894"
"2021","Duke","ACC","159.7","3.2","125.8","30.7","0.682","0.078","0.778","0.99","0.379","0.086","0.701","0.446"
"2021","East Carolina","American Athletic","206.2","56.8","129.9","19.5","1.001","1","1","1","1","1","1","1"
"2021","Eastern Michigan","Mid-American","194.3","74.8","90.9","28.6","0.895","1","0.804","0.983","0.921","1","0.791","0.956"
"2021","Florida","SEC","167.5","11","122.4","34.1","0.27","0.044","0.383","0.651","0.41","0.073","0.481","0.793"
"2021","Florida Atlantic","Conference USA","137.8","21","84.4","32.4","0.977","1","1.002","0.895","0.94","1","0.955","0.888"
"2021","Florida International","Conference USA","25.6","-16.2","25.9","15.9","1.6","0.684","0.952","1.293","0.699","0.568","0.742","0.914"
"2021","Florida State","ACC","165.7","-3.5","66.5","102.7","0.85","0.318","0.766","0.862","0.735","0.739","0.715","0.747"
"2021","Fresno State","Mountain West","230.7","69.5","128.5","32.7","0.965","0.977","0.96","0.953","0.96","0.941","0.965","0.984"
"2021","Georgia","SEC","304.6","96.9","134.2","73.5","0.97","1.135","0.876","0.979","0.923","0.9","0.91","0.954"
"2021","Georgia Southern","Sun Belt","120.5","2.5","35.1","82.9","0.48","0.137","0.422","0.552","0.535","0.165","0.55","0.646"
"2021","Georgia State","Sun Belt","269.6","69.2","139.4","61","1.002","1","0.994","1.017","0.981","1","0.947","0.988"
"2021","Georgia Tech","ACC","189.8","26.9","91.5","71.4","0.829","0.846","0.729","0.992","0.901","0.944","0.723","0.968"
"2021","Hawai'i","Mountain West","193.6","65.8","64.8","63.1","0.759","1.023","0.562","0.836","0.685","0.994","0.481","0.484"
"2021","Houston","American Athletic","128.9","42.6","55.7","30.6","0.668","0.986","0.504","0.773","0.723","0.964","0.539","0.621"
"2021","Illinois","Big Ten","124","24.5","51.4","48.1","0.912","1","0.822","0.98","0.921","1","0.685","0.983"
"2021","Indiana","Big Ten","147.5","56.5","87.5","3.5","0.878","1","0.857","0.354","0.678","1","0.6","0.372"
"2021","Iowa","Big Ten","118.5","47.2","47.5","23.9","0.624","0.935","0.512","0.515","0.765","0.996","0.559","0.699"
"2021","Iowa State","Big 12","384.2","128.6","159.7","95.9","0.935","0.975","0.878","0.988","0.904","0.995","0.856","0.859"
"2021","Kansas","Big 12","43.3","-14.7","60.3","-2.3","0.817","0.707","0.812","2.556","0.909","0.966","0.749","0.968"
"2021","Kansas State","Big 12","177.4","63.8","71.4","42.2","0.91","1.119","0.683","1.249","0.785","0.934","0.729","0.703"
"2021","Kent State","Mid-American","230.2","82.3","76.9","71","0.903","1","0.753","1","0.911","1","0.664","1"
"2021","Kentucky","SEC","38.6","-13.9","39.6","12.9","0.386","-7.316","0.714","0.302","0.423","0.198","0.794","0.374"
"2021","Liberty","FBS Independents","380.7","109.5","152.7","118.6","0.9","0.919","0.933","0.847","0.831","0.883","0.831","0.794"
"2021","Louisiana","Sun Belt","238.2","83.7","115.7","38.7","0.707","1","0.803","0.356","0.65","1","0.791","0.31"
"2021","Louisiana Tech","Conference USA","125.1","23.4","82.1","19.5","0.699","0.959","0.68","0.574","0.619","0.992","0.514","0.275"
"2021","Louisville","ACC","278.6","104.9","78.3","95.3","0.726","1.033","0.416","1.017","0.847","0.985","0.466","0.987"
"2021","LSU","SEC","200.4","72.8","112.8","14.8","0.602","0.571","0.597","0.871","0.668","0.661","0.595","0.762"
"2021","Marshall","Conference USA","175.8","51.5","84","40.3","0.698","0.952","0.704","0.515","0.728","0.997","0.749","0.504"
"2021","Maryland","Big Ten","120.3","36.3","82.6","1.4","0.654","0.921","0.686","0.057","0.675","0.913","0.61","0.472"
"2021","Massachusetts","FBS Independents","-9.3","-0.1","7.2","-16.4","-3.1","0.048","0.291","0.824","0.547","0.45","0.622","0.589"
"2021","Memphis","American Athletic","143.8","0.3","152.8","-9.3","0.362","0.002","0.669","-0.528","0.494","0.002","0.72","0.857"
"2021","Miami","ACC","330.5","126.7","138.3","65.5","0.835","0.897","0.698","1.149","0.882","0.878","0.836","0.929"
"2021","Miami (OH)","Mid-American","93.5","40.5","53.5","-0.5","0.935","1","1.019","-0.074","0.92","1","0.969","0.8"
"2021","Michigan","Big Ten","92.7","19.3","60.2","13.2","0.536","0.29","0.665","0.825","0.531","0.327","0.72","0.589"
"2021","Michigan State","Big Ten","63.9","18","73.7","-27.9","0.571","0.429","0.787","1.192","0.671","0.374","0.925","0.825"
"2021","Middle Tennessee","Conference USA","130.1","5.9","130.3","-6","0.576","0.078","0.991","-0.33","0.435","0.066","0.949","0.367"
"2021","Minnesota","Big Ten","180","57.6","59.9","62.5","0.811","0.981","0.604","0.977","0.893","0.995","0.619","0.967"
"2021","Mississippi State","SEC","142.3","33","81","28.2","0.668","1.264","0.504","1.072","0.622","0.622","0.594","0.735"
"2021","Missouri","SEC","239.7","126.1","109.7","3.9","0.742","1","0.629","0.176","0.673","1","0.665","0.312"
"2021","Navy","American Athletic","42.7","-0.5","38.7","4.5","0.326","-0.022","0.514","0.139","0.33","0.417","0.505","0.268"
"2021","NC State","ACC","264.5","47.3","189.6","27.6","0.656","0.374","0.791","0.75","0.689","0.331","0.892","0.914"
"2021","Nebraska","Big Ten","120.4","32","38.3","50.1","0.611","0.842","0.461","0.657","0.499","0.675","0.49","0.367"
"2021","Nevada","Mountain West","338.7","129.5","173.7","35.5","0.982","1","0.965","1","0.995","1","0.985","1"
"2021","New Mexico","Mountain West","100.7","5","44.7","51","0.891","1","0.834","0.939","0.834","1","0.663","0.81"
"2021","New Mexico State","FBS Independents","6.8","1.6","6.6","-1.4","1.7","1","1.2","0.519","0.923","1","0.955","0.765"
"2021","North Carolina","ACC","304.1","176.6","94.7","32.8","0.505","0.985","0.367","0.199","0.541","0.995","0.342","0.294"
"2021","Northern Illinois","Mid-American","71.2","0","67.6","3.6","0.539","0","0.756","0.35","0.522","0","0.788","0.872"
"2021","North Texas","Conference USA","231.4","80.6","86.4","64.4","0.499","0.568","0.399","0.611","0.517","0.505","0.43","0.584"
"2021","Northwestern","Big Ten","32.2","0","19.9","12.4","0.14","0","0.146","2.385","0.179","0","0.202","0.308"
"2021","Notre Dame","FBS Independents","153.9","4.1","87.1","62.8","0.369","0.032","0.459","0.631","0.46","0.021","0.565","0.745"
"2021","Ohio","Mid-American","60.5","10.5","21","29","0.931","1","0.739","1.133","0.906","1","0.739","0.924"
"2021","Ohio State","Big Ten","170","10.2","136","23.9","0.47","0.106","0.832","0.235","0.401","0.012","0.806","0.438"
"2021","Oklahoma","Big 12","351.1","167.1","175.2","8.8","0.721","0.872","0.727","0.161","0.591","0.885","0.627","0.259"
"2021","Oklahoma State","Big 12","141.1","64.6","59.3","17.2","0.511","0.725","0.406","0.418","0.679","0.978","0.28","0.687"
"2021","Ole Miss","SEC","415.5","164","144.2","107.3","0.831","1.001","0.626","1.019","0.892","0.997","0.674","0.962"
"2021","Oregon","Pac-12","130.5","15.6","98.4","16.5","0.522","0.173","0.787","0.471","0.54","0.126","0.876","0.667"
"2021","Oregon State","Pac-12","163.3","39.8","73.2","50.3","0.851","1","0.962","0.662","0.765","1","0.928","0.391"
"2021","Penn State","Big Ten","249.6","89.8","128.7","31.1","0.843","0.93","0.805","0.781","0.808","0.817","0.836","0.782"
"2021","Pittsburgh","ACC","240.7","76.6","139.3","24.9","0.854","0.942","0.814","0.833","0.935","0.998","0.821","0.972"
"2021","Purdue","Big Ten","180.8","80.4","100","0.3","0.904","1","0.87","0.068","0.895","1","0.745","0.947"
"2021","Rice","Conference USA","40.7","6.5","41.9","-7.7","0.342","0.124","0.553","0.819","0.706","0.345","0.836","0.897"
"2021","Rutgers","Big Ten","141.8","20.4","97","24.4","0.933","0.604","0.943","1.595","0.848","0.752","0.954","0.859"
"2021","San Diego State","Mountain West","109","16.6","65","27.4","0.858","0.604","0.871","1.1","0.798","0.484","0.956","0.928"
"2021","San José State","Mountain West","194.7","102.5","82.7","9.5","0.743","1","0.55","1","0.832","1","0.508","1"
"2021","SMU","American Athletic","175.4","-1.1","122.5","54","0.457","-0.009","0.673","0.691","0.468","0.003","0.649","0.831"
"2021","South Alabama","Sun Belt","197.9","69.9","125.8","2.2","0.776","0.859","0.719","-1.467","0.655","0.755","0.723","0.497"
"2021","South Carolina","SEC","147.9","9","75.6","63.3","0.66","0.268","0.634","0.887","0.518","0.239","0.576","0.749"
"2021","Southern Miss","Conference USA","112.1","0.3","91.1","20.7","0.483","0.006","0.712","0.409","0.469","0.004","0.754","0.596"
"2021","South Florida","American Athletic","136.8","16.5","92.2","28.1","0.924","0.714","0.935","1.06","0.941","0.994","0.875","0.937"
"2021","Stanford","Pac-12","97.5","11.7","54.7","31.1","0.403","0.133","0.47","0.827","0.489","0.116","0.554","0.888"
"2021","Syracuse","ACC","74.1","-0.7","74","0.8","0.852","-0.097","0.747","-0.041","0.644","0.468","0.781","0.746"
"2021","TCU","Big 12","200.5","33.4","86","81.1","0.842","0.888","0.82","0.853","0.863","0.997","0.783","0.806"
"2021","Temple","American Athletic","59.4","-0.8","67.5","-7.4","0.453","-0.016","0.768","1","0.499","0.218","0.694","0.605"
"2021","Tennessee","SEC","76","16.7","57.4","1.9","0.31","0.305","0.419","0.036","0.273","0.283","0.431","0.15"
"2021","Texas","Big 12","160","15.7","96.2","48.1","0.441","0.136","0.548","0.668","0.395","0.069","0.596","0.568"
"2021","Texas A&M","SEC","241.5","6.2","156.4","78.8","0.629","0.05","0.923","0.875","0.599","0.018","0.967","0.81"
"2021","Texas State","Sun Belt","248.8","51.7","140.2","56.9","0.882","1.002","0.806","1.005","0.905","0.998","0.702","0.985"
"2021","Texas Tech","Big 12","180","34.5","84.1","61.3","0.629","0.459","0.564","0.986","0.679","0.443","0.693","0.972"
"2021","Toledo","Mid-American","201.2","43","145","13.2","0.708","0.397","0.903","0.898","0.715","0.414","0.921","0.85"
"2021","Troy","Sun Belt","172.9","79.3","72.2","21.5","0.544","0.781","0.37","1.019","0.678","0.659","0.505","0.958"
"2021","Tulane","American Athletic","266.9","45.1","133","88.8","0.875","1.414","0.932","0.682","0.699","0.822","0.79","0.559"
"2021","Tulsa","American Athletic","166.9","15.5","143.4","8.1","0.735","0.229","0.988","0.574","0.471","0.141","0.985","0.367"
"2021","UAB","Conference USA","158.7","80.9","58.8","19","0.63","0.963","0.45","0.503","0.635","0.996","0.488","0.469"
"2021","UCF","American Athletic","320.3","182.3","105.5","32.5","0.626","0.948","0.43","0.439","0.589","0.993","0.39","0.345"
"2021","UCLA","Pac-12","220","80.7","101.8","37.5","0.853","1","0.837","0.678","0.757","1","0.803","0.559"
"2021","UL Monroe","Sun Belt","144.3","32.4","102","9.9","0.913","1.035","0.749","-1.053","0.778","0.998","0.641","0.569"
"2021","UNLV","Mountain West","73.1","5.4","61.3","6.4","0.604","0.397","1.01","0.136","0.584","0.219","0.919","0.708"
"2021","USC","Pac-12","182.1","91.8","77.8","12.5","0.709","0.794","0.543","-8.333","0.653","0.902","0.491","0.428"
"2021","Utah","Pac-12","40.5","-1.4","40.1","1.8","0.368","-0.056","0.69","0.065","0.268","0.043","0.683","0.148"
"2021","Utah State","Mountain West","41.7","0.7","31.7","9.3","0.907","-0.064","0.861","0.472","0.51","0.401","0.784","0.404"
"2021","UTEP","Conference USA","198.6","74","98.7","26","1.051","1.032","0.923","2.6","0.873","0.992","0.877","0.766"
"2021","UTSA","Conference USA","280.1","57.6","125.3","97.2","0.949","1","0.919","0.963","0.958","1","0.87","0.985"
"2021","Vanderbilt","SEC","149.9","43.6","115.7","-9.4","1.056","1","1.002","0.54","0.934","1","0.967","0.781"
"2021","Virginia","ACC","259.7","69.4","118.4","71.9","0.892","0.973","0.801","1","0.942","0.997","0.817","1"
"2021","Virginia Tech","ACC","187","32.3","130.2","24.6","0.565","0.385","0.91","0.237","0.528","0.393","0.921","0.419"
"2021","Wake Forest","ACC","312.3","118.6","186.6","7.1","0.919","1","0.983","0.222","0.853","1","0.936","0.647"
"2021","Washington","Pac-12","114.6","45.9","40.3","28.3","0.83","0.964","0.641","1.014","0.916","0.991","0.727","0.986"
"2021","Washington State","Pac-12","25.1","0.7","1.2","23.1","0.784","0.179","0.235","0.983","0.855","0.667","0.773","0.936"
"2021","Western Kentucky","Conference USA","63.8","-1.9","59.8","5.9","0.506","-0.198","0.76","0.155","0.319","0.008","0.716","0.299"
"2021","Western Michigan","Mid-American","219.2","101.8","75.7","41.6","0.821","1","0.616","0.981","0.894","1","0.613","0.991"
"2021","West Virginia","Big 12","236.5","89.1","114.4","32.9","0.91","0.93","0.811","1.424","0.845","0.943","0.816","0.751"
"2021","Wisconsin","Big Ten","105.8","20.5","56.8","28.6","0.808","0.854","0.77","0.869","0.665","0.99","0.607","0.474"
"2021","Wyoming","Mountain West","93.8","8.1","41.7","44.1","0.853","1","0.784","0.913","0.946","1","0.747","0.988"
